Hg.;Zeitschritt;Zeit;totale Bil.;Auffeuchtung; Summe Senkenfl.;  Summe Randfl; kumul. Oberrandfl.;kumul. rechter.Randfl.;kumul. Unterrandfl.;  kumul.linker Randfl.;kumul. Oberfl. Abfl.;Abfl.-Beiwert;      kumul. Freiland Nied.;kumul. Freiland Nied.;kumul.Interz-Verd.;   kumul. Bodenverd.;kumul. Transpiration;links: kumul. Verlust Stoff1; unten: kumul. Verlust Stoff1;      rechts: kumul. Verlust Stoff1;links: kumul. Verlust Stoff2; unten: kumul. Verlust Stoff2;      rechts: kumul. Verlust Stoff2;links: kumul. Verlust Stoff3; unten: kumul. Verlust Stoff3;      rechts: kumul. Verlust Stoff3;
[-];[-];[s];[-];[cbm];[cbm];[cbm];[cbm];[cbm];[cbm];[cbm];[cbm];[-];[cbm];[mm];[cbm];[cbm];[cbm]; [kg]; [kg]; [kg];                 [kg]; [kg]; [kg]; [kg]; [kg]; [kg];
  1;   184;       3600.000000;  -20081341.436149;         19.450652;   20081360.886836;         -0.000035;         -0.000035;         -0.000000;          0.000000;          0.000000;          0.000000;      0.0000;          0.000000;          0.000000;          0.000000;          0.000035;          0.005296;
  1;   196;       7200.000000;  -20081341.435475;         19.450508;   20081360.886035;         -0.000052;         -0.000052;         -0.000000;          0.000000;          0.000000;          0.000000;      0.0000;          0.000000;          0.000000;          0.000000;          0.000052;          0.007599;
  1;   208;      10800.000000;  -20081341.435951;         19.450434;   20081360.886446;         -0.000061;         -0.000061;         -0.000000;          0.000000;          0.000000;          0.000000;      0.0000;          0.000000;          0.000000;          0.000000;          0.000061;          0.008486;
  1;   220;      14400.000000;  -20081341.437306;         19.450414;   20081360.887614;          0.000106;          0.000106;         -0.000000;          0.000000;          0.000000;          0.000000;      0.0000;          0.000000;          0.000000;          0.000000;         -0.000106;          0.008487;
  1;   232;      18000.000000;  -20081341.438688;         19.450395;   20081360.888774;          0.000308;          0.000308;         -0.000000;          0.000000;          0.000000;          0.000000;      0.0000;          0.000000;          0.000000;          0.000000;         -0.000308;          0.008487;
  1;   244;      21600.000000;  -20081341.440088;         19.450377;   20081360.889926;          0.000540;          0.000540;         -0.000000;          0.000000;          0.000000;          0.000000;      0.0000;          0.000000;          0.000000;          0.000000;         -0.000540;          0.008487;
  1;   256;      25200.000000;  -20081341.441470;         19.450360;   20081360.891069;          0.000761;          0.000761;         -0.000000;          0.000000;          0.000000;          0.000000;      0.0000;          0.000000;          0.000000;          0.000000;         -0.000761;          0.008487;
  1;   268;      28800.000000;  -20081341.443013;         19.450352;   20081360.892206;          0.001159;          0.001159;         -0.000000;          0.000000;          0.000000;          0.000000;      0.0000;          0.000000;          0.000000;          0.000000;         -0.001159;          0.008487;
  1;   280;      32400.000000;  -20081341.444653;         19.450349;   20081360.893342;          0.001660;          0.001660;         -0.000000;          0.000000;          0.000000;          0.000000;      0.0000;          0.000000;          0.000000;          0.000000;         -0.001660;          0.008487;
  1;   292;      36000.000000;  -20081341.446311;         19.450348;   20081360.894477;          0.002182;          0.002182;         -0.000000;          0.000000;          0.000000;          0.000000;      0.0000;          0.000000;          0.000000;          0.000000;         -0.002182;          0.008487;
  1;   304;      39600.000000;  -20081341.448039;         19.450351;   20081360.895612;          0.002778;          0.002778;         -0.000000;          0.000000;          0.000000;          0.000000;      0.0000;          0.000000;          0.000000;          0.000000;         -0.002778;          0.008487;
  1;   316;      43200.000000;  -20081341.449257;         19.450327;   20081360.896696;          0.002888;          0.002888;         -0.000000;          0.000000;          0.000000;          0.000000;      0.0000;          0.000000;          0.000000;          0.000000;         -0.002888;          0.008545;
  1;   328;      46800.000000;  -20081341.448839;         19.450205;   20081360.896162;          0.002883;          0.002883;         -0.000000;          0.000000;          0.000000;          0.000000;      0.0000;          0.000000;          0.000000;          0.000000;         -0.002883;          0.010477;
  1;   340;      50400.000000;  -20081341.445823;         19.449927;   20081360.892883;          0.002867;          0.002867;         -0.000000;          0.000000;          0.000000;          0.000000;      0.0000;          0.000000;          0.000000;          0.000000;         -0.002867;          0.015588;
  1;   352;      54000.000000;  -20081341.438321;         19.449379;   20081360.884866;          0.002834;          0.002834;         -0.000000;          0.000000;          0.000000;          0.000000;      0.0000;          0.000000;          0.000000;          0.000000;         -0.002834;          0.026209;
  1;   364;      57600.000000;  -20081341.426235;         19.448565;   20081360.872017;          0.002783;          0.002783;         -0.000000;          0.000000;          0.000000;          0.000000;      0.0000;          0.000000;          0.000000;          0.000000;         -0.002783;          0.042450;
  1;   376;      61200.000000;  -20081341.407268;         19.447349;   20081360.851925;          0.002692;          0.002692;         -0.000000;          0.000000;          0.000000;          0.000000;      0.0000;          0.000000;          0.000000;          0.000000;         -0.002692;          0.067112;
  1;   388;      64800.000000;  -20081341.387225;         19.446078;   20081360.830717;          0.002586;          0.002586;         -0.000000;          0.000000;          0.000000;          0.000000;      0.0000;          0.000000;          0.000000;          0.000000;         -0.002586;          0.093074;
  1;   400;      68400.000000;  -20081341.362712;         19.444549;   20081360.804809;          0.002452;          0.002452;         -0.000000;          0.000000;          0.000000;          0.000000;      0.0000;          0.000000;          0.000000;          0.000000;         -0.002452;          0.124508;
  1;   412;      72000.000000;  -20081341.341329;         19.443206;   20081360.782201;          0.002335;          0.002335;         -0.000000;          0.000000;          0.000000;          0.000000;      0.0000;          0.000000;          0.000000;          0.000000;         -0.002335;          0.152102;
  1;   424;      75600.000000;  -20081341.318792;         19.441803;   20081360.758386;          0.002209;          0.002209;         -0.000000;          0.000000;          0.000000;          0.000000;      0.0000;          0.000000;          0.000000;          0.000000;         -0.002209;          0.181099;
  1;   436;      79200.000000;  -20081341.296738;         19.440441;   20081360.735112;          0.002067;          0.002067;         -0.000000;          0.000000;          0.000000;          0.000000;      0.0000;          0.000000;          0.000000;          0.000000;         -0.002067;          0.209465;
  1;   448;      82800.000000;  -20081341.281202;         19.439463;   20081360.718704;          0.001962;          0.001962;         -0.000000;          0.000000;          0.000000;          0.000000;      0.0000;          0.000000;          0.000000;          0.000000;         -0.001962;          0.229845;
  1;   460;      86400.000000;  -20081341.269381;         19.438701;   20081360.706198;          0.001885;          0.001885;         -0.000000;          0.000000;          0.000000;          0.000000;      0.0000;          0.000000;          0.000000;          0.000000;         -0.001885;          0.245685;
  1;   472;      90000.000000;  -20081341.261717;         19.438179;   20081360.698077;          0.001819;          0.001819;         -0.000000;          0.000000;          0.000000;          0.000000;      0.0000;          0.000000;          0.000000;          0.000000;         -0.001819;          0.256429;
  1;   485;      93600.000000;  -20081341.258496;         19.437912;   20081360.694632;          0.001776;          0.001776;         -0.000000;          0.000000;          0.000000;          0.000000;      0.0000;          0.000000;          0.000000;          0.000000;         -0.001776;          0.261738;
  1;   497;      97200.000000;  -20081341.258333;         19.437820;   20081360.694394;          0.001759;          0.001759;         -0.000000;          0.000000;          0.000000;          0.000000;      0.0000;          0.000000;          0.000000;          0.000000;         -0.001759;          0.263318;
  1;   509;     100800.000000;  -20081341.259255;         19.437791;   20081360.695292;          0.001753;          0.001753;         -0.000000;          0.000000;          0.000000;          0.000000;      0.0000;          0.000000;          0.000000;          0.000000;         -0.001753;          0.263574;
  1;   522;     104400.000000;  -20081341.260372;         19.437772;   20081360.696340;          0.001804;          0.001804;         -0.000000;          0.000000;          0.000000;          0.000000;      0.0000;          0.000000;          0.000000;          0.000000;         -0.001804;          0.263655;
  1;   534;     108000.000000;  -20081341.261606;         19.437761;   20081360.697453;          0.001914;          0.001914;         -0.000000;          0.000000;          0.000000;          0.000000;      0.0000;          0.000000;          0.000000;          0.000000;         -0.001914;          0.263658;
  1;   546;     111600.000000;  -20081341.262780;         19.437747;   20081360.698561;          0.001965;          0.001965;         -0.000000;          0.000000;          0.000000;          0.000000;      0.0000;          0.000000;          0.000000;          0.000000;         -0.001965;          0.263665;
  1;   559;     115200.000000;  -20081341.264127;         19.437742;   20081360.699674;          0.002194;          0.002194;         -0.000000;          0.000000;          0.000000;          0.000000;      0.0000;          0.000000;          0.000000;          0.000000;         -0.002194;          0.263665;
  1;   571;     118800.000000;  -20081341.265410;         19.437734;   20081360.700785;          0.002359;          0.002359;         -0.000000;          0.000000;          0.000000;          0.000000;      0.0000;          0.000000;          0.000000;          0.000000;         -0.002359;          0.263665;
  1;   583;     122400.000000;  -20081341.266689;         19.437726;   20081360.701895;          0.002520;          0.002520;         -0.000000;          0.000000;          0.000000;          0.000000;      0.0000;          0.000000;          0.000000;          0.000000;         -0.002520;          0.263665;
  1;   596;     126000.000000;  -20081341.268009;         19.437720;   20081360.703003;          0.002726;          0.002726;         -0.000000;          0.000000;          0.000000;          0.000000;      0.0000;          0.000000;          0.000000;          0.000000;         -0.002726;          0.263665;
  1;   608;     129600.000000;  -20081341.268892;         19.437691;   20081360.703824;          0.002758;          0.002758;         -0.000000;          0.000000;          0.000000;          0.000000;      0.0000;          0.000000;          0.000000;          0.000000;         -0.002758;          0.263996;
  1;   620;     133200.000000;  -20081341.267952;         19.437557;   20081360.702771;          0.002738;          0.002738;         -0.000000;          0.000000;          0.000000;          0.000000;      0.0000;          0.000000;          0.000000;          0.000000;         -0.002738;          0.266506;
  1;   633;     136800.000000;  -20081341.263715;         19.437236;   20081360.698249;          0.002703;          0.002703;         -0.000000;          0.000000;          0.000000;          0.000000;      0.0000;          0.000000;          0.000000;          0.000000;         -0.002703;          0.273050;
  1;   645;     140400.000000;  -20081341.253341;         19.436570;   20081360.687881;          0.002030;          0.002030;         -0.000000;          0.000000;          0.000000;          0.000000;      0.0000;          0.000000;          0.000000;          0.000000;         -0.002030;          0.286422;
  1;   657;     144000.000000;  -20081341.236552;         19.435541;   20081360.670172;          0.001921;          0.001921;         -0.000000;          0.000000;          0.000000;          0.000000;      0.0000;          0.000000;          0.000000;          0.000000;         -0.001921;          0.308368;
  1;   670;     147600.000000;  -20081341.213709;         19.434178;   20081360.646110;          0.001777;          0.001777;         -0.000000;          0.000000;          0.000000;          0.000000;      0.0000;          0.000000;          0.000000;          0.000000;         -0.001777;          0.337736;
  1;   682;     151200.000000;  -20081341.186622;         19.432586;   20081360.617599;          0.001609;          0.001609;         -0.000000;          0.000000;          0.000000;          0.000000;      0.0000;          0.000000;          0.000000;          0.000000;         -0.001609;          0.372306;
  1;   694;     154800.000000;  -20081341.157042;         19.430863;   20081360.586483;          0.001422;          0.001422;         -0.000000;          0.000000;          0.000000;          0.000000;      0.0000;          0.000000;          0.000000;          0.000000;         -0.001422;          0.409925;
  1;   707;     158400.000000;  -20081341.127200;         19.429138;   20081360.555123;          0.001215;          0.001215;         -0.000000;          0.000000;          0.000000;          0.000000;      0.0000;          0.000000;          0.000000;          0.000000;         -0.001215;          0.447835;
  1;   719;     162000.000000;  -20081341.099767;         19.427559;   20081360.526292;          0.001033;          0.001033;         -0.000000;          0.000000;          0.000000;          0.000000;      0.0000;          0.000000;          0.000000;          0.000000;         -0.001033;          0.482794;
  1;   731;     165600.000000;  -20081341.076212;         19.426202;   20081360.501552;          0.000862;          0.000862;         -0.000000;          0.000000;          0.000000;          0.000000;      0.0000;          0.000000;          0.000000;          0.000000;         -0.000862;          0.512974;
  1;   744;     169200.000000;  -20081341.057872;         19.425135;   20081360.482291;          0.000716;          0.000716;         -0.000000;          0.000000;          0.000000;          0.000000;      0.0000;          0.000000;          0.000000;          0.000000;         -0.000716;          0.536747;
  1;   756;     172800.000000;  -20081341.044422;         19.424337;   20081360.468145;          0.000614;          0.000614;         -0.000000;          0.000000;          0.000000;          0.000000;      0.0000;          0.000000;          0.000000;          0.000000;         -0.000614;          0.554545;
  1;   768;     176400.000000;  -20081341.035843;         19.423804;   20081360.459113;          0.000535;          0.000535;         -0.000000;          0.000000;          0.000000;          0.000000;      0.0000;          0.000000;          0.000000;          0.000000;         -0.000535;          0.566373;
  1;   781;     180000.000000;  -20081341.031847;         19.423520;   20081360.454997;          0.000370;          0.000370;         -0.000000;          0.000000;          0.000000;          0.000000;      0.0000;          0.000000;          0.000000;          0.000000;         -0.000370;          0.572460;
  1;   793;     183600.000000;  -20081341.031137;         19.423412;   20081360.454194;          0.000355;          0.000355;         -0.000000;          0.000000;          0.000000;          0.000000;      0.0000;          0.000000;          0.000000;          0.000000;         -0.000355;          0.574675;
  1;   805;     187200.000000;  -20081341.031313;         19.423353;   20081360.454321;          0.000345;          0.000345;         -0.000000;          0.000000;          0.000000;          0.000000;      0.0000;          0.000000;          0.000000;          0.000000;         -0.000345;          0.575804;
  1;   818;     190800.000000;  -20081341.031852;         19.423313;   20081360.454827;          0.000338;          0.000338;         -0.000000;          0.000000;          0.000000;          0.000000;      0.0000;          0.000000;          0.000000;          0.000000;         -0.000338;          0.576489;
  1;   830;     194400.000000;  -20081341.032594;         19.423285;   20081360.455545;          0.000334;          0.000334;         -0.000000;          0.000000;          0.000000;          0.000000;      0.0000;          0.000000;          0.000000;          0.000000;         -0.000334;          0.576926;
  1;   842;     198000.000000;  -20081341.033777;         19.423280;   20081360.456494;          0.000564;          0.000564;         -0.000000;          0.000000;          0.000000;          0.000000;      0.0000;          0.000000;          0.000000;          0.000000;         -0.000564;          0.577094;
  1;   855;     201600.000000;  -20081341.034810;         19.423268;   20081360.457438;          0.000639;          0.000639;         -0.000000;          0.000000;          0.000000;          0.000000;      0.0000;          0.000000;          0.000000;          0.000000;         -0.000639;          0.577265;
  1;   867;     205200.000000;  -20081341.035966;         19.423262;   20081360.458492;          0.000736;          0.000736;         -0.000000;          0.000000;          0.000000;          0.000000;      0.0000;          0.000000;          0.000000;          0.000000;         -0.000736;          0.577308;
  1;   879;     208800.000000;  -20081341.036938;         19.423247;   20081360.459417;          0.000768;          0.000768;         -0.000000;          0.000000;          0.000000;          0.000000;      0.0000;          0.000000;          0.000000;          0.000000;         -0.000768;          0.577502;
  1;   892;     212400.000000;  -20081341.038224;         19.423248;   20081360.460500;          0.000972;          0.000972;         -0.000000;          0.000000;          0.000000;          0.000000;      0.0000;          0.000000;          0.000000;          0.000000;         -0.000972;          0.577510;
  1;   918;     216000.000000;  -20081341.051271;         19.425533;   20081360.461568;          0.015236;          0.015236;         -0.000000;          0.000000;          0.000000;          0.000000;      0.0000;          0.040246;          0.379679;          0.000058;         -0.001209;          0.577535;
  1;   932;     219600.000000;  -20081341.052051;         19.425508;   20081360.462326;          0.015233;          0.015233;         -0.000000;          0.000000;          0.000000;          0.000000;      0.0000;          0.040246;          0.379679;          0.001208;         -0.001206;          0.577921;
  1;   945;     223200.000000;  -20081341.051863;         19.425431;   20081360.462071;          0.015223;          0.015223;         -0.000000;          0.000000;          0.000000;          0.000000;      0.0000;          0.040246;          0.379679;          0.005815;         -0.001196;          0.579492;
  1;   957;     226800.000000;  -20081341.048177;         19.425166;   20081360.458146;          0.015197;          0.015197;         -0.000000;          0.000000;          0.000000;          0.000000;      0.0000;          0.040246;          0.379679;          0.019020;         -0.001170;          0.585365;
  1;   969;     230400.000000;  -20081341.038900;         19.424602;   20081360.448341;          0.015161;          0.015161;         -0.000000;          0.000000;          0.000000;          0.000000;      0.0000;          0.040246;          0.379679;          0.026210;         -0.001134;          0.598139;
  1;   982;     234000.000000;  -20081341.027806;         19.423943;   20081360.436647;          0.015102;          0.015102;         -0.000000;          0.000000;          0.000000;          0.000000;      0.0000;          0.040246;          0.379679;          0.026219;         -0.001075;          0.613115;
  1;  1057;     237600.000000;  -20081341.095263;         19.453852;   20081360.435886;          0.113229;          0.113229;         -0.000000;          0.000000;          0.000000;          0.000000;      0.0000;          0.241476;          2.278073;          0.040738;         -0.001031;          0.615279;
  1;  1069;     241200.000000;  -20081341.093938;         19.453708;   20081360.434467;          0.113179;          0.113179;         -0.000000;          0.000000;          0.000000;          0.000000;      0.0000;          0.241476;          2.278073;          0.055718;         -0.000980;          0.618212;
  1;  1082;     244800.000000;  -20081341.089378;         19.453391;   20081360.429678;          0.113091;          0.113091;         -0.000000;          0.000000;          0.000000;          0.000000;      0.0000;          0.241476;          2.278073;          0.087238;         -0.000893;          0.625103;
  1;  1126;     248400.000000;  -20081341.114213;         19.463890;   20081360.429366;          0.148738;          0.148738;         -0.000000;          0.000000;          0.000000;          0.000000;      0.0000;          0.342091;          3.227270;          0.095561;         -0.000869;          0.626739;
  1;  1153;     252000.000000;  -20081341.133896;         19.476814;   20081360.428390;          0.182320;          0.182320;         -0.000000;          0.000000;          0.000000;          0.000000;      0.0000;          0.382337;          3.606949;          0.113086;         -0.000817;          0.629148;
  1;  1166;     255600.000000;  -20081341.133317;         19.476686;   20081360.427724;          0.182279;          0.182279;         -0.000000;          0.000000;          0.000000;          0.000000;      0.0000;          0.382337;          3.606949;          0.127309;         -0.000776;          0.631193;
  1;  1178;     259200.000000;  -20081341.133237;         19.476586;   20081360.427572;          0.182251;          0.182251;         -0.000000;          0.000000;          0.000000;          0.000000;      0.0000;          0.382337;          3.606949;          0.135989;         -0.000748;          0.632634;
  1;  1192;     262800.000000;  -20081341.136417;         19.481190;   20081360.428351;          0.189257;          0.189257;         -0.000000;          0.000000;          0.000000;          0.000000;      0.0000;          0.402460;          3.796789;          0.138575;         -0.000740;          0.632986;
  1;  1205;     266400.000000;  -20081341.137108;         19.481126;   20081360.428989;          0.189245;          0.189245;         -0.000000;          0.000000;          0.000000;          0.000000;      0.0000;          0.402460;          3.796789;          0.142335;         -0.000729;          0.633501;
  1;  1217;     270000.000000;  -20081341.138142;         19.481080;   20081360.429978;          0.189244;          0.189244;         -0.000000;          0.000000;          0.000000;          0.000000;      0.0000;          0.402460;          3.796789;          0.143070;         -0.000727;          0.633604;
  1;  1229;     273600.000000;  -20081341.139291;         19.481042;   20081360.431055;          0.189278;          0.189278;         -0.000000;          0.000000;          0.000000;          0.000000;      0.0000;          0.402460;          3.796789;          0.143070;         -0.000762;          0.633604;
  1;  1242;     277200.000000;  -20081341.140458;         19.481007;   20081360.432131;          0.189333;          0.189333;         -0.000000;          0.000000;          0.000000;          0.000000;      0.0000;          0.402460;          3.796789;          0.143070;         -0.000817;          0.633604;
  1;  1254;     280800.000000;  -20081341.141657;         19.480975;   20081360.433206;          0.189425;          0.189425;         -0.000000;          0.000000;          0.000000;          0.000000;      0.0000;          0.402460;          3.796789;          0.143070;         -0.000909;          0.633604;
  1;  1266;     284400.000000;  -20081341.142851;         19.480943;   20081360.434281;          0.189514;          0.189514;         -0.000000;          0.000000;          0.000000;          0.000000;      0.0000;          0.402460;          3.796789;          0.143070;         -0.000997;          0.633604;
  1;  1291;     288000.000000;  -20081341.160216;         19.492577;   20081360.435355;          0.217438;          0.217438;         -0.000000;          0.000000;          0.000000;          0.000000;      0.0000;          0.462829;          4.366307;          0.143070;         -0.001071;          0.633604;
  1;  1356;     291600.000000;  -20081341.214406;         19.520021;   20081360.436429;          0.297998;          0.297998;         -0.000000;          0.000000;          0.000000;          0.000000;      0.0000;          0.543320;          5.125665;          0.143070;         -0.001139;          0.633604;
  1;  1409;     295200.000000;  -20081341.270646;         19.585674;   20081360.437502;          0.418817;          0.418817;         -0.000000;          0.000000;          0.000000;          0.000000;      0.0000;          0.664058;          6.264701;          0.143070;         -0.001220;          0.633604;
  1;  1442;     298800.000000;  -20081341.280877;         19.596719;   20081360.438575;          0.439021;          0.439021;         -0.000000;          0.000000;          0.000000;          0.000000;      0.0000;          0.684181;          6.454541;          0.143070;         -0.001301;          0.633604;
  1;  1459;     302400.000000;  -20081341.283711;         19.594967;   20081360.439640;          0.439038;          0.439038;         -0.000000;          0.000000;          0.000000;          0.000000;      0.0000;          0.684181;          6.454541;          0.143151;         -0.001318;          0.633611;
  1;  1479;     306000.000000;  -20081341.285929;         19.593755;   20081360.440652;          0.439032;          0.439032;         -0.000000;          0.000000;          0.000000;          0.000000;      0.0000;          0.684181;          6.454541;          0.143758;         -0.001312;          0.633680;
  1;  1492;     309600.000000;  -20081341.287950;         19.592575;   20081360.441505;          0.439020;          0.439020;         -0.000000;          0.000000;          0.000000;          0.000000;      0.0000;          0.684181;          6.454541;          0.146054;         -0.001300;          0.633933;
  1;  1504;     313200.000000;  -20081341.289149;         19.591721;   20081360.441881;          0.438989;          0.438989;         -0.000000;          0.000000;          0.000000;          0.000000;      0.0000;          0.684181;          6.454541;          0.152697;         -0.001269;          0.634748;
  1;  1516;     316800.000000;  -20081341.289370;         19.591057;   20081360.441497;          0.438929;          0.438929;         -0.000000;          0.000000;          0.000000;          0.000000;      0.0000;          0.684181;          6.454541;          0.164407;         -0.001210;          0.636453;
  1;  1545;     320400.000000;  -20081341.299563;         19.597806;   20081360.440386;          0.456983;          0.456983;         -0.000000;          0.000000;          0.000000;          0.000000;      0.0000;          0.724427;          6.834220;          0.182897;         -0.001117;          0.639006;
  1;  1567;     324000.000000;  -20081341.305370;         19.603176;   20081360.437770;          0.470776;          0.470776;         -0.000000;          0.000000;          0.000000;          0.000000;      0.0000;          0.764673;          7.213899;          0.208182;         -0.000964;          0.643324;
  1;  1579;     327600.000000;  -20081341.304097;         19.602153;   20081360.435593;          0.470658;          0.470658;         -0.000000;          0.000000;          0.000000;          0.000000;      0.0000;          0.764673;          7.213899;          0.231420;         -0.000845;          0.647128;
  1;  1593;     331200.000000;  -20081341.304649;         19.605715;   20081360.432882;          0.477482;          0.477482;         -0.000000;          0.000000;          0.000000;          0.000000;      0.0000;          0.784796;          7.403738;          0.252727;         -0.000725;          0.651559;
  1;  1606;     334800.000000;  -20081341.303801;         19.608788;   20081360.428354;          0.484235;          0.484235;         -0.000000;          0.000000;          0.000000;          0.000000;      0.0000;          0.804919;          7.593577;          0.276692;         -0.000535;          0.658124;
  1;  1618;     338400.000000;  -20081341.300902;         19.607795;   20081360.424579;          0.484119;          0.484119;         -0.000000;          0.000000;          0.000000;          0.000000;      0.0000;          0.804919;          7.593577;          0.295516;         -0.000419;          0.663815;
  1;  1631;     342000.000000;  -20081341.296553;         19.606760;   20081360.419308;          0.484005;          0.484005;         -0.000000;          0.000000;          0.000000;          0.000000;      0.0000;          0.804919;          7.593577;          0.310356;         -0.000305;          0.671274;
  1;  1643;     345600.000000;  -20081341.289585;         19.605616;   20081360.411309;          0.483892;          0.483892;         -0.000000;          0.000000;          0.000000;          0.000000;      0.0000;          0.804919;          7.593577;          0.320248;         -0.000192;          0.681928;
  1;  1655;     349200.000000;  -20081341.286772;         19.604726;   20081360.407660;          0.483838;          0.483838;         -0.000000;          0.000000;          0.000000;          0.000000;      0.0000;          0.804919;          7.593577;          0.320756;         -0.000137;          0.687437;
  1;  1668;     352800.000000;  -20081341.285733;         19.603956;   20081360.405890;          0.483799;          0.483799;         -0.000000;          0.000000;          0.000000;          0.000000;      0.0000;          0.804919;          7.593577;          0.320866;         -0.000099;          0.690750;
  1;  1680;     356400.000000;  -20081341.286622;         19.603313;   20081360.406152;          0.483783;          0.483783;         -0.000000;          0.000000;          0.000000;          0.000000;      0.0000;          0.804919;          7.593577;          0.320897;         -0.000083;          0.691687;
  1;  1692;     360000.000000;  -20081341.288475;         19.602780;   20081360.407179;          0.484076;          0.484076;         -0.000000;          0.000000;          0.000000;          0.000000;      0.0000;          0.804919;          7.593577;          0.320898;         -0.000376;          0.691730;
  1;  1705;     363600.000000;  -20081341.290416;         19.602280;   20081360.408242;          0.484454;          0.484454;         -0.000000;          0.000000;          0.000000;          0.000000;      0.0000;          0.804919;          7.593577;          0.320898;         -0.000754;          0.691730;
  1;  1717;     367200.000000;  -20081341.292585;         19.601844;   20081360.409305;          0.485124;          0.485124;         -0.000000;          0.000000;          0.000000;          0.000000;      0.0000;          0.804919;          7.593577;          0.320898;         -0.001424;          0.691730;
  1;  1729;     370800.000000;  -20081341.294720;         19.601419;   20081360.410367;          0.485772;          0.485772;         -0.000000;          0.000000;          0.000000;          0.000000;      0.0000;          0.804919;          7.593577;          0.320898;         -0.002072;          0.691730;
  1;  1742;     374400.000000;  -20081341.296853;         19.601007;   20081360.411429;          0.486431;          0.486431;         -0.000000;          0.000000;          0.000000;          0.000000;      0.0000;          0.804919;          7.593577;          0.320898;         -0.002731;          0.691730;
  1;  1754;     378000.000000;  -20081341.298972;         19.600607;   20081360.412490;          0.487088;          0.487088;         -0.000000;          0.000000;          0.000000;          0.000000;      0.0000;          0.804919;          7.593577;          0.320898;         -0.003388;          0.691730;
  1;  1766;     381600.000000;  -20081341.301078;         19.600218;   20081360.413551;          0.487744;          0.487744;         -0.000000;          0.000000;          0.000000;          0.000000;      0.0000;          0.804919;          7.593577;          0.320898;         -0.004044;          0.691730;
  1;  1779;     385200.000000;  -20081341.303141;         19.599832;   20081360.414612;          0.488362;          0.488362;         -0.000000;          0.000000;          0.000000;          0.000000;      0.0000;          0.804919;          7.593577;          0.320898;         -0.004662;          0.691730;
  1;  1791;     388800.000000;  -20081341.304467;         19.599347;   20081360.415400;          0.488414;          0.488414;         -0.000000;          0.000000;          0.000000;          0.000000;      0.0000;          0.804919;          7.593577;          0.320908;         -0.004713;          0.692047;
  1;  1803;     392400.000000;  -20081341.303675;         19.598748;   20081360.414057;          0.488366;          0.488366;         -0.000000;          0.000000;          0.000000;          0.000000;      0.0000;          0.804919;          7.593577;          0.320994;         -0.004666;          0.694852;
  1;  1816;     396000.000000;  -20081341.300212;         19.598018;   20081360.409937;          0.488293;          0.488293;         -0.000000;          0.000000;          0.000000;          0.000000;      0.0000;          0.804919;          7.593577;          0.321114;         -0.004593;          0.700900;
  1;  1828;     399600.000000;  -20081341.290723;         19.596972;   20081360.399546;          0.488150;          0.488150;         -0.000000;          0.000000;          0.000000;          0.000000;      0.0000;          0.804919;          7.593577;          0.321206;         -0.004450;          0.714296;
  1;  1840;     403200.000000;  -20081341.274352;         19.595567;   20081360.381990;          0.487929;          0.487929;         -0.000000;          0.000000;          0.000000;          0.000000;      0.0000;          0.804919;          7.593577;          0.321219;         -0.004229;          0.736090;
  1;  1853;     406800.000000;  -20081341.255678;         19.594051;   20081360.362022;          0.487707;          0.487707;         -0.000000;          0.000000;          0.000000;          0.000000;      0.0000;          0.804919;          7.593577;          0.321219;         -0.004006;          0.760721;
  1;  1865;     410400.000000;  -20081341.229472;         19.592148;   20081360.334217;          0.487403;          0.487403;         -0.000000;          0.000000;          0.000000;          0.000000;      0.0000;          0.804919;          7.593577;          0.321219;         -0.003703;          0.794526;
  1;  1877;     414000.000000;  -20081341.202945;         19.590244;   20081360.306094;          0.487095;          0.487095;         -0.000000;          0.000000;          0.000000;          0.000000;      0.0000;          0.804919;          7.593577;          0.321219;         -0.003395;          0.828710;
  1;  1890;     417600.000000;  -20081341.176741;         19.588372;   20081360.278351;          0.486762;          0.486762;         -0.000000;          0.000000;          0.000000;          0.000000;      0.0000;          0.804919;          7.593577;          0.321219;         -0.003061;          0.862450;
  1;  1902;     421200.000000;  -20081341.150696;         19.586521;   20081360.250787;          0.486431;          0.486431;         -0.000000;          0.000000;          0.000000;          0.000000;      0.0000;          0.804919;          7.593577;          0.321219;         -0.002731;          0.895975;
  1;  1914;     424800.000000;  -20081341.130373;         19.584983;   20081360.229194;          0.486161;          0.486161;         -0.000000;          0.000000;          0.000000;          0.000000;      0.0000;          0.804919;          7.593577;          0.321219;         -0.002461;          0.922500;
  1;  1927;     428400.000000;  -20081341.117793;         19.583862;   20081360.215672;          0.485982;          0.485982;         -0.000000;          0.000000;          0.000000;          0.000000;      0.0000;          0.804919;          7.593577;          0.321219;         -0.002282;          0.939565;
  1;  1939;     432000.000000;  -20081341.110017;         19.582997;   20081360.207164;          0.485850;          0.485850;         -0.000000;          0.000000;          0.000000;          0.000000;      0.0000;          0.804919;          7.593577;          0.321219;         -0.002150;          0.950756;
  1;  1951;     435600.000000;  -20081341.106308;         19.582353;   20081360.202896;          0.485764;          0.485764;         -0.000000;          0.000000;          0.000000;          0.000000;      0.0000;          0.804919;          7.593577;          0.321219;         -0.002064;          0.956983;
  1;  1964;     439200.000000;  -20081341.104588;         19.581819;   20081360.200704;          0.485703;          0.485703;         -0.000000;          0.000000;          0.000000;          0.000000;      0.0000;          0.804919;          7.593577;          0.321219;         -0.002003;          0.960780;
  1;  1976;     442800.000000;  -20081341.103888;         19.581345;   20081360.199580;          0.485653;          0.485653;         -0.000000;          0.000000;          0.000000;          0.000000;      0.0000;          0.804919;          7.593577;          0.321219;         -0.001953;          0.963325;
  1;  1988;     446400.000000;  -20081341.103832;         19.580911;   20081360.199131;          0.485613;          0.485613;         -0.000000;          0.000000;          0.000000;          0.000000;      0.0000;          0.804919;          7.593577;          0.321219;         -0.001913;          0.965082;
  1;  2001;     450000.000000;  -20081341.103814;         19.580484;   20081360.198720;          0.485578;          0.485578;         -0.000000;          0.000000;          0.000000;          0.000000;      0.0000;          0.804919;          7.593577;          0.321219;         -0.001878;          0.966791;
  1;  2016;     453600.000000;  -20081341.107943;         19.583316;   20081360.198833;          0.492426;          0.492426;         -0.000000;          0.000000;          0.000000;          0.000000;      0.0000;          0.825042;          7.783417;          0.321302;         -0.001852;          0.967887;
  1;  2035;     457200.000000;  -20081341.109149;         19.582938;   20081360.199677;          0.492411;          0.492411;         -0.000000;          0.000000;          0.000000;          0.000000;      0.0000;          0.825042;          7.783417;          0.321770;         -0.001837;          0.968128;
  1;  2048;     460800.000000;  -20081341.110465;         19.582576;   20081360.200604;          0.492437;          0.492437;         -0.000000;          0.000000;          0.000000;          0.000000;      0.0000;          0.825042;          7.783417;          0.322047;         -0.001863;          0.968269;
  1;  2060;     464400.000000;  -20081341.111780;         19.582217;   20081360.201558;          0.492439;          0.492439;         -0.000000;          0.000000;          0.000000;          0.000000;      0.0000;          0.825042;          7.783417;          0.322269;         -0.001864;          0.968379;
  1;  2072;     468000.000000;  -20081341.113237;         19.581881;   20081360.202591;          0.492528;          0.492528;         -0.000000;          0.000000;          0.000000;          0.000000;      0.0000;          0.825042;          7.783417;          0.322304;         -0.001954;          0.968396;
  1;  2085;     471600.000000;  -20081341.114713;         19.581553;   20081360.203633;          0.492633;          0.492633;         -0.000000;          0.000000;          0.000000;          0.000000;      0.0000;          0.825042;          7.783417;          0.322315;         -0.002059;          0.968402;
  1;  2097;     475200.000000;  -20081341.115898;         19.581205;   20081360.204460;          0.492643;          0.492643;         -0.000000;          0.000000;          0.000000;          0.000000;      0.0000;          0.825042;          7.783417;          0.322745;         -0.002069;          0.968657;
  1;  2109;     478800.000000;  -20081341.116287;         19.580818;   20081360.204480;          0.492624;          0.492624;         -0.000000;          0.000000;          0.000000;          0.000000;      0.0000;          0.825042;          7.783417;          0.324930;         -0.002050;          0.969857;
  1;  2122;     482400.000000;  -20081341.113785;         19.580285;   20081360.201490;          0.492581;          0.492581;         -0.000000;          0.000000;          0.000000;          0.000000;      0.0000;          0.825042;          7.783417;          0.332338;         -0.002007;          0.974577;
  1;  2134;     486000.000000;  -20081341.103853;         19.579376;   20081360.190750;          0.492478;          0.492478;         -0.000000;          0.000000;          0.000000;          0.000000;      0.0000;          0.825042;          7.783417;          0.334468;         -0.001904;          0.988390;
  1;  2148;     489600.000000;  -20081341.095554;         19.583948;   20081360.180332;          0.499171;          0.499171;         -0.000000;          0.000000;          0.000000;          0.000000;      0.0000;          0.845165;          7.973256;          0.336614;         -0.001792;          1.001846;
  1;  2166;     493200.000000;  -20081341.094796;         19.583476;   20081360.179135;          0.499137;          0.499137;         -0.000000;          0.000000;          0.000000;          0.000000;      0.0000;          0.845165;          7.973256;          0.340667;         -0.001758;          1.004465;
  1;  2178;     496800.000000;  -20081341.094132;         19.583015;   20081360.178044;          0.499103;          0.499103;         -0.000000;          0.000000;          0.000000;          0.000000;      0.0000;          0.845165;          7.973256;          0.343996;         -0.001725;          1.006962;
  1;  2190;     500400.000000;  -20081341.090924;         19.582428;   20081360.174317;          0.499035;          0.499035;         -0.000000;          0.000000;          0.000000;          0.000000;      0.0000;          0.845165;          7.973256;          0.347787;         -0.001657;          1.012544;
  1;  2203;     504000.000000;  -20081341.083641;         19.581637;   20081360.166347;          0.498931;          0.498931;         -0.000000;          0.000000;          0.000000;          0.000000;      0.0000;          0.845165;          7.973256;          0.347787;         -0.001552;          1.023104;
  1;  2215;     507600.000000;  -20081341.076319;         19.580847;   20081360.158355;          0.498811;          0.498811;         -0.000000;          0.000000;          0.000000;          0.000000;      0.0000;          0.845165;          7.973256;          0.347787;         -0.001432;          1.033691;
  1;  2227;     511200.000000;  -20081341.074052;         19.580324;   20081360.155623;          0.498752;          0.498752;         -0.000000;          0.000000;          0.000000;          0.000000;      0.0000;          0.845165;          7.973256;          0.347787;         -0.001374;          1.038111;
  1;  2240;     514800.000000;  -20081341.072348;         19.579834;   20081360.153482;          0.498700;          0.498700;         -0.000000;          0.000000;          0.000000;          0.000000;      0.0000;          0.845165;          7.973256;          0.347787;         -0.001321;          1.041842;
  1;  2252;     518400.000000;  -20081341.072439;         19.579441;   20081360.153211;          0.498669;          0.498669;         -0.000000;          0.000000;          0.000000;          0.000000;      0.0000;          0.845165;          7.973256;          0.347787;         -0.001291;          1.043378;
  1;  2264;     522000.000000;  -20081341.073084;         19.579082;   20081360.153517;          0.498649;          0.498649;         -0.000000;          0.000000;          0.000000;          0.000000;      0.0000;          0.845165;          7.973256;          0.347787;         -0.001270;          1.044239;
  1;  2277;     525600.000000;  -20081341.073426;         19.578712;   20081360.153512;          0.498626;          0.498626;         -0.000000;          0.000000;          0.000000;          0.000000;      0.0000;          0.845165;          7.973256;          0.347787;         -0.001248;          1.045463;
  1;  2289;     529200.000000;  -20081341.074473;         19.578383;   20081360.154239;          0.498617;          0.498617;         -0.000000;          0.000000;          0.000000;          0.000000;      0.0000;          0.845165;          7.973256;          0.347787;         -0.001239;          1.045831;
  1;  2301;     532800.000000;  -20081341.076510;         19.578200;   20081360.155280;          0.499431;          0.499431;         -0.000000;          0.000000;          0.000000;          0.000000;      0.0000;          0.845165;          7.973256;          0.347787;         -0.002052;          1.045831;
  1;  2314;     536400.000000;  -20081341.078628;         19.578034;   20081360.156320;          0.500342;          0.500342;         -0.000000;          0.000000;          0.000000;          0.000000;      0.0000;          0.845165;          7.973256;          0.347787;         -0.002963;          1.045831;
  1;  2326;     540000.000000;  -20081341.080780;         19.577878;   20081360.157361;          0.501297;          0.501297;         -0.000000;          0.000000;          0.000000;          0.000000;      0.0000;          0.845165;          7.973256;          0.347787;         -0.003919;          1.045831;
  1;  2338;     543600.000000;  -20081341.082936;         19.577725;   20081360.158402;          0.502260;          0.502260;         -0.000000;          0.000000;          0.000000;          0.000000;      0.0000;          0.845165;          7.973256;          0.347787;         -0.004881;          1.045831;
  1;  2351;     547200.000000;  -20081341.085104;         19.577577;   20081360.159442;          0.503239;          0.503239;         -0.000000;          0.000000;          0.000000;          0.000000;      0.0000;          0.845165;          7.973256;          0.347787;         -0.005860;          1.045831;
  1;  2363;     550800.000000;  -20081341.087275;         19.577432;   20081360.160482;          0.504225;          0.504225;         -0.000000;          0.000000;          0.000000;          0.000000;      0.0000;          0.845165;          7.973256;          0.347787;         -0.006847;          1.045831;
  1;  2375;     554400.000000;  -20081341.089428;         19.577287;   20081360.161523;          0.505193;          0.505193;         -0.000000;          0.000000;          0.000000;          0.000000;      0.0000;          0.845165;          7.973256;          0.347787;         -0.007814;          1.045831;
  1;  2388;     558000.000000;  -20081341.091578;         19.577144;   20081360.162563;          0.506160;          0.506160;         -0.000000;          0.000000;          0.000000;          0.000000;      0.0000;          0.845165;          7.973256;          0.347787;         -0.008781;          1.045831;
  1;  2400;     561600.000000;  -20081341.093148;         19.576899;   20081360.163602;          0.506445;          0.506445;         -0.000000;          0.000000;          0.000000;          0.000000;      0.0000;          0.845165;          7.973256;          0.347787;         -0.009067;          1.045831;
  1;  2412;     565200.000000;  -20081341.094176;         19.576597;   20081360.164340;          0.506433;          0.506433;         -0.000000;          0.000000;          0.000000;          0.000000;      0.0000;          0.845165;          7.973256;          0.347787;         -0.009055;          1.046185;
  1;  2425;     568800.000000;  -20081341.093308;         19.576196;   20081360.163152;          0.506352;          0.506352;         -0.000000;          0.000000;          0.000000;          0.000000;      0.0000;          0.845165;          7.973256;          0.347787;         -0.008974;          1.048791;
  1;  2437;     572400.000000;  -20081341.083001;         19.575315;   20081360.152155;          0.506160;          0.506160;         -0.000000;          0.000000;          0.000000;          0.000000;      0.0000;          0.845165;          7.973256;          0.347787;         -0.008782;          1.062897;
  1;  2449;     576000.000000;  -20081341.070723;         19.574341;   20081360.139081;          0.505984;          0.505984;         -0.000000;          0.000000;          0.000000;          0.000000;      0.0000;          0.845165;          7.973256;          0.347787;         -0.008605;          1.079469;
  1;  2462;     579600.000000;  -20081341.047058;         19.572786;   20081360.114206;          0.505638;          0.505638;         -0.000000;          0.000000;          0.000000;          0.000000;      0.0000;          0.845165;          7.973256;          0.347787;         -0.008259;          1.109886;
  1;  2474;     583200.000000;  -20081341.020679;         19.571103;   20081360.086499;          0.505282;          0.505282;         -0.000000;          0.000000;          0.000000;          0.000000;      0.0000;          0.845165;          7.973256;          0.347787;         -0.007904;          1.143635;
  1;  2486;     586800.000000;  -20081340.995120;         19.569470;   20081360.059667;          0.504923;          0.504923;         -0.000000;          0.000000;          0.000000;          0.000000;      0.0000;          0.845165;          7.973256;          0.347787;         -0.007545;          1.176361;
  1;  2499;     590400.000000;  -20081340.972435;         19.567989;   20081360.035837;          0.504587;          0.504587;         -0.000000;          0.000000;          0.000000;          0.000000;      0.0000;          0.845165;          7.973256;          0.347787;         -0.007209;          1.205564;
  1;  2511;     594000.000000;  -20081340.956725;         19.566869;   20081360.019250;          0.504344;          0.504344;         -0.000000;          0.000000;          0.000000;          0.000000;      0.0000;          0.845165;          7.973256;          0.347787;         -0.006966;          1.226255;
  1;  2523;     597600.000000;  -20081340.934152;         19.565369;   20081359.995903;          0.503618;          0.503618;         -0.000000;          0.000000;          0.000000;          0.000000;      0.0000;          0.845165;          7.973256;          0.347787;         -0.006240;          1.254874;
  1;  2536;     601200.000000;  -20081340.915900;         19.564128;   20081359.976740;          0.503287;          0.503287;         -0.000000;          0.000000;          0.000000;          0.000000;      0.0000;          0.845165;          7.973256;          0.347787;         -0.005909;          1.278572;
  1;  2548;     604800.000000;  -20081340.908934;         19.563457;   20081359.969261;          0.503130;          0.503130;         -0.000000;          0.000000;          0.000000;          0.000000;      0.0000;          0.845165;          7.973256;          0.347787;         -0.005752;          1.288563;
  1;  2560;     608400.000000;  -20081340.902042;         19.562793;   20081359.961859;          0.502976;          0.502976;         -0.000000;          0.000000;          0.000000;          0.000000;      0.0000;          0.845165;          7.973256;          0.347787;         -0.005598;          1.298464;
  1;  2573;     612000.000000;  -20081340.898221;         19.562285;   20081359.957649;          0.502857;          0.502857;         -0.000000;          0.000000;          0.000000;          0.000000;      0.0000;          0.845165;          7.973256;          0.347787;         -0.005479;          1.304620;
  1;  2585;     615600.000000;  -20081340.897618;         19.561948;   20081359.956710;          0.502857;          0.502857;         -0.000000;          0.000000;          0.000000;          0.000000;      0.0000;          0.845165;          7.973256;          0.347787;         -0.005478;          1.306939;
  1;  2597;     619200.000000;  -20081340.898491;         19.561685;   20081359.957318;          0.502858;          0.502858;         -0.000000;          0.000000;          0.000000;          0.000000;      0.0000;          0.845165;          7.973256;          0.347787;         -0.005479;          1.307443;
  1;  2610;     622800.000000;  -20081340.899910;         19.561474;   20081359.958301;          0.503083;          0.503083;         -0.000000;          0.000000;          0.000000;          0.000000;      0.0000;          0.845165;          7.973256;          0.347787;         -0.005704;          1.307506;
  1;  2622;     626400.000000;  -20081340.901752;         19.561331;   20081359.959338;          0.503745;          0.503745;         -0.000000;          0.000000;          0.000000;          0.000000;      0.0000;          0.845165;          7.973256;          0.347787;         -0.006367;          1.307506;
  1;  2634;     630000.000000;  -20081340.903553;         19.561184;   20081359.960375;          0.504361;          0.504361;         -0.000000;          0.000000;          0.000000;          0.000000;      0.0000;          0.845165;          7.973256;          0.347787;         -0.006982;          1.307506;
  1;  2647;     633600.000000;  -20081340.905353;         19.561038;   20081359.961412;          0.504978;          0.504978;         -0.000000;          0.000000;          0.000000;          0.000000;      0.0000;          0.845165;          7.973256;          0.347787;         -0.007600;          1.307506;
  1;  2659;     637200.000000;  -20081340.907204;         19.560903;   20081359.962449;          0.505658;          0.505658;         -0.000000;          0.000000;          0.000000;          0.000000;      0.0000;          0.845165;          7.973256;          0.347787;         -0.008280;          1.307506;
  1;  2671;     640800.000000;  -20081340.909037;         19.560766;   20081359.963485;          0.506318;          0.506318;         -0.000000;          0.000000;          0.000000;          0.000000;      0.0000;          0.845165;          7.973256;          0.347787;         -0.008940;          1.307506;
  1;  2684;     644400.000000;  -20081340.910957;         19.560645;   20081359.964522;          0.507080;          0.507080;         -0.000000;          0.000000;          0.000000;          0.000000;      0.0000;          0.845165;          7.973256;          0.347787;         -0.009702;          1.307506;
  1;  2696;     648000.000000;  -20081340.912186;         19.560426;   20081359.965409;          0.507203;          0.507203;         -0.000000;          0.000000;          0.000000;          0.000000;      0.0000;          0.845165;          7.973256;          0.347787;         -0.009825;          1.307681;
  1;  2708;     651600.000000;  -20081340.910896;         19.560070;   20081359.963822;          0.507144;          0.507144;         -0.000000;          0.000000;          0.000000;          0.000000;      0.0000;          0.845165;          7.973256;          0.347787;         -0.009766;          1.310757;
